{
  "benchmark_dataset": "nhanes3-bioage",
  "feature_columns": [
    "HSAGEIR",
    "AMP",
    "CEP",
    "SGP",
    "CRP",
    "LMPPCNT",
    "MVPSI",
    "RWP",
    "APPSI",
    "WCP"
  ],
  "input_feature_count": 10,
  "age_included_in_inputs": true,
  "imputation_values": [
    45.43510818481445,
    4.134494304656982,
    1.0696660280227661,
    99.2669677734375,
    0.46936315298080444,
    32.696502685546875,
    89.30038452148438,
    13.18585205078125,
    86.48763275146484,
    6.967208385467529
  ]
}
